acuID,Genus,Species,Eye Type,BL (cm),Δϕ (deg),Δρ (deg),CPD,Lens Diameter (mm),FellerRefID,refid,Notes
1,Polyphemus,pediculus,apposition,0.80,2.00,4.00,0.25,,72,244,
2,Periplanta,americana,apposition,4.00,,2.30,0.43,,12,184,
3,Cantharis,livida,apposition,1.25,1.80,3.60,0.28,,48,220,
4,Asaphidion,flavipes,apposition,0.45,2.00,4.00,0.25,,7,179,
5,,Cicindela hybrida,apposition,1.40,1.50,3.00,0.33,,48,220,
6,,Elaphrus riparius,apposition,0.70,2.00,4.00,0.25,,7,179,
7,,Notiophilus biguttatus,apposition,0.54,2.20,4.40,0.23,,6,178,
8,,Monochamus alternatus,apposition,2.00,5.34,2.42,0.41,,100,272,
9,,Chrysomela fastuosa,apposition,0.60,5.40,10.80,0.09,,48,220,
10,,Coccinella septempunctata,apposition,0.75,2.90,5.80,0.17,,48,220,
11,,Chlorophanus viridis,apposition,0.64,7.00,14.00,0.07,,48,220,
12,,Hypothenemus hampei,,0.12,13.60,27.20,0.04,,98,270,
13,,Lixus blakeae,apposition,1.00,6.00,12.00,0.08,,48,220,
14,,Phyllobius urticae,apposition,0.80,7.00,14.00,0.07,,48,220,
15,,Rhynchophorus ferrugineus,,3.00,1.50,3.00,0.33,,39,211,
16,,Dytiscus marginalis,,3.10,,40.00,0.03,,38,210,
17,,Agrypnus binodulus,superposition,2.65,1.68,3.36,0.30,,68,240,
18,,Melanotus cete,superposition,1.70,1.20,2.40,0.42,,68,240,
19,,Melanotus legatus,superposition,2.10,1.30,2.60,0.38,,68,240,
20,,Macrogyrus striolatus,superposition,1.60,,2.80,0.36,,37,209,
21,,Photuris versicolor,superposition,3.50,1.80,3.60,0.28,,48,220,
22,,Tenebrio molitor,apposition,1.50,6.50,13.00,0.08,,48,220,
23,,Anoplognathus pallidicollis,superposition,2.00,1.50,3.00,0.33,,48,220,
24,,Onitis alexis,superposition,18.50,2.50,4.30,0.23,,48,220,
25,,Sericesthis geminata,,0.90,1.50,3.00,0.33,,61,233,
26,,Creophilus erythrocephalus,apposition,2.00,,5.13,0.19,,60,232,
27,,Amarygmus morio,,2.50,5.90,11.80,0.08,,48,220,
28,,Dicyrtomina ornata,apposition,1.45,25.00,50.00,0.02,,48,220,
29,,Forficula auricularia,apposition,1.35,7.20,14.40,0.07,,48,220,
30,,Holcocephala sp.,NS,0.50,0.28,0.27,3.70,,99,271,
31,,Bibio marci,NS,1.20,1.60,2.00,0.50,,104,276,
32,,Dilophus febrilis,,0.58,2.00,2.00,0.50,,104,276,
33,,Calliphora erythrocephala,NS,1.50,1.10,1.02,0.98,,48,220,
34,,Trisopsis or Lestodiplosis sp.,apposition,0.25,10.00,20.00,0.05,,65,237,
35,,Aedes aegypti,apposition,0.46,6.20,12.40,0.08,,44,216,
36,,Aedes albopictus,apposition,0.63,5.10,10.20,0.10,,44,216,
37,,Aedes japonicus,apposition,0.71,4.50,9.00,0.11,,44,216,
38,,Aedes taeniorhynchus,apposition,0.63,4.80,9.60,0.10,,44,216,
39,,Anopheles albimanus,apposition,0.44,6.20,12.40,0.08,,44,216,
40,,Anopheles balabacensis,apposition,0.30,6.80,13.60,0.07,,44,216,
41,,Anopheles dirus,apposition,0.42,6.70,13.40,0.07,,44,216,
42,,Anopheles gambiae,apposition,0.45,6.00,12.00,0.08,,44,216,
43,,Anopheles minimus,apposition,0.39,7.50,15.00,0.07,,44,216,
44,,Anopheles saperoi,apposition,0.45,3.60,7.20,0.14,,44,216,
45,,Anopheles stephensi,apposition,0.29,7.30,14.60,0.07,,44,216,
46,,Armigeres subalbatus,apposition,0.66,5.80,11.60,0.09,,44,216,
47,,Culex pipiens molestus,apposition,0.68,4.00,8.00,0.13,,44,216,
48,,Culex pipiens pipiens,apposition,0.72,5.90,11.80,0.08,,44,216,
49,,Culex quinquefasciatus,apposition,0.65,6.10,12.20,0.08,,44,216,
50,,Culex tritaeniorhynchus,apposition,0.39,4.60,9.20,0.11,,44,216,
51,,Ochlerotatus togoi,apposition,0.92,6.10,12.20,0.08,,44,216,
52,,Toxorhynchites brevipalpis,apposition,1.80,2.60,5.20,0.19,,44,216,
53,,Tripteroides bambusa,apposition,0.80,0.72,1.44,0.69,,44,216,
54,,Drosophila melanogaster,NS,0.35,3.20,8.23,0.12,,31,203,
55,,Drosophila melanogaster,NS,0.30,5.00,10.00,0.10,,48,220,
56,,Rhamphomyia tephraea,,0.50,0.50,1.00,1.00,,49,221,
57,,Glossina sp.,,1.00,,1.60,0.63,,49,221,
58,,Arachnocampa luminosa,apposition,3.50,5.50,11.00,0.09,,62,234,
59,,Neoditomyia farri,,,4.00,8.00,0.13,,62,234,
60,,Coenosia attenuata,NS,0.35,2.20,2.59,0.39,,31,203,
61,,Musca domestica,NS,0.65,2.50,5.00,0.20,,48,220,
62,,Musca domestica,NS,0.64,1.60,3.20,0.31,,50,222,
63,,Telmatoscopus albipunctata,apposition,0.25,11.00,22.00,0.05,,43,215,
64,,Simulium sp.,,0.50,1.60,3.20,0.31,,49,221,
65,,Eristalis tenax,NS,1.40,1.00,2.00,0.50,,48,220,
66,,Eristalis tenax,,1.40,1.08,2.15,1.80,,97,269,
67,,Syritta pipiens,NS,0.78,0.60,1.20,0.83,,49,221,
68,,Bactrocera tryoni,NS,0.65,2.00,1.72,0.58,,54,226,
69,,Tipula pruinosa,NS,1.43,5.80,11.60,0.09,,48,220,
70,,,,,,,,,,172,
71,,Ephemera vulgata,apposition,3.00,2.20,4.40,0.23,,48,220,
72,,Atalophlebia,superposition,0.83,2.00,2.00,0.50,,36,208,
73,,Anoeconesossa bundoorensis,,0.20,5.70,11.40,0.09,,24,196,
74,,Ctenarytaina bipartita,,0.14,6.30,12.60,0.08,,24,196,
75,,Ctenarytaina eucalypti,,0.27,6.60,13.20,0.08,,24,196,
76,,Glycaspis brimblecombei,,0.30,5.50,11.00,0.09,,24,196,
77,,Acyrthosiphon pisum,apposition,0.12,8.31,16.62,0.06,,18,190,
78,,Aphis sambuci,apposition,0.08,6.48,12.96,0.08,,18,190,
79,,Brevicoryne brassicae,apposition,0.08,8.51,17.02,0.06,,18,190,
80,,Cavariella aegopodii,apposition,0.06,8.41,16.82,0.06,,18,190,
81,,Cinara pilicornis,apposition,0.10,7.88,15.76,0.06,,18,190,
82,,Drepanosiphum platanoidis,apposition,0.11,5.18,10.36,0.10,,18,190,
83,,Hyperomyzus lactucae,apposition,0.08,7.99,15.98,0.06,,18,190,
84,,Lachnus roboris,apposition,0.15,7.33,14.66,0.07,,18,190,
85,,Rhopalosiphum padi,apposition,0.05,7.76,15.52,0.06,,18,190,
86,,Lethocerus insulanus,apposition,6.00,2.50,6.50,0.15,,40,212,
87,,Lethocerus sp.,apposition,6.75,,9.00,0.11,,41,213,
88,,Aquarius paludum,apposition,1.20,2.10,4.20,0.24,,48,220,
89,,Gerris lacustris,apposition,0.90,0.55,1.10,0.91,,16,188,
90,,Notonecta glauca,apposition,1.45,1.65,3.30,0.30,,48,220,
91,,Platymeris biguttatus,,2.50,3.70,1.50,0.67,,88,260,
92,,,,,,,,,,172,
93,,Perdita minima,apposition,0.15,4.72,9.44,0.11,,42,214,
94,,Protoxaea gloriosa,apposition,0.95,1.68,3.36,0.30,,42,214,
95,,Amegilla sp.,apposition,1.15,1.00,2.00,0.50,,48,220,
96,,Anthophora occidentalis,apposition,0.85,1.71,3.42,0.29,,42,214,
97,,Apis cerana,apposition,0.09,,1.20,0.83,,91,263,
98,,Apis dorsata,apposition,3.00,,1.80,0.56,,91,263,
99,,Apis florea,apposition,0.10,,1.10,0.91,,91,263,
100,,Apis mellifera,apposition,1.50,0.80,2.60,0.38,,48,220,
101,,Apis mellifera,apposition,1.50,,1.20,0.83,,49,221,
102,,Apis mellifera,apposition,1.50,,1.60,0.63,,77,249,
103,,Bombus griseocollis,apposition,1.20,1.53,3.06,0.33,,42,214,
104,,Bombus impatiens,apposition,1.30,,,0.35,,55,227,
105,,Bombus terrestris,apposition,0.41,0.60,1.20,0.83,,92,264,
106,,Liotrigona madecassa,apposition,0.15,3.87,7.74,0.13,,42,214,
107,,Megaphragma mymaripenne,apposition,0.02,21.50,43.00,0.02,,56,228,
108,,Xylocopa californica,apposition,1.36,1.38,2.76,0.36,,42,214,
109,,Xylocopa latipes,apposition,1.70,1.23,2.46,0.41,,42,214,
110,,Xylocopa lecuothorax,apposition,0.25,1.10,0.80,1.25,,90,262,
111,,Xylocopa tenuiscapa,apposition,0.25,1.00,1.10,0.91,,90,262,
112,,Xylocopa tranquebarica,apposition,0.25,0.80,2.70,0.37,,90,262,
113,,Xylocopa varipuncta,apposition,1.30,1.36,2.72,0.37,,42,214,
114,,Bembix palmata,apposition,1.70,0.41,0.82,1.22,,48,220,
115,,Atta cephalotes,apposition,0.95,0.26,0.52,1.92,,1,173,
116,,Camponotus aethiops,apposition,0.75,3.27,6.54,0.15,,103,275,
117,,Cataglyphis bicolor,apposition,0.84,4.00,8.00,0.13,,48,220,
118,,Formica cunicularia,apposition,0.53,2.59,5.18,0.19,,103,275,
119,,Melophorus bagoti,apposition,0.99,3.70,2.90,0.34,,85,257,
120,,Myrmecia gulosa,apposition,2.25,1.70,3.40,0.29,,48,220,
121,,Myrmecia midas,apposition,0.14,,,0.57,,73,245,
122,,Myrmecia tarsata,apposition,0.23,,,1.02,,70,242,
123,,Polyrhachis sokolova,,1.10,5.90,11.80,0.08,,69,241,
124,,Temnothorax rugatulus,apposition,0.32,16.80,33.60,0.03,,75,247,
125,,Augochlora pura,apposition,0.45,2.72,5.44,0.18,,42,214,
126,,Lasioglossum inconspicuum,apposition,0.22,3.37,6.74,0.15,,42,214,
127,,Lasioglossum noctivagum,apposition,0.43,2.75,5.50,0.18,,42,214,
128,,Megalopta ecuadoria,apposition,0.54,2.43,4.86,0.21,,42,214,
129,,Megalopta genalis,apposition,0.75,2.05,4.10,0.24,,42,214,
130,,Megachile campanulae,apposition,0.59,1.75,3.50,0.29,,42,214,
131,,Anaphes flavipes,apposition,0.05,15.00,30.00,0.03,,56,228,
132,,Tetragonula carbonaria,apposition,0.11,1.56,3.12,0.32,,20,192,
133,,Trichogramma evanescens,apposition,0.03,9.98,19.96,0.05,,26,198,
134,,Vespa vulgaris,apposition,1.45,1.00,2.00,0.50,,48,220,
135,,Cameraria ohridella,,0.50,7.10,14.20,0.07,,27,199,
136,,Macrosoma heliconiaria,superposition,1.40,2.20,4.40,0.23,,102,274,
137,,Hesperilla ornata,superposition,1.90,1.60,3.20,0.31,,35,207,
138,,Hesperilla picta,superposition,1.40,1.60,3.20,0.31,,35,207,
139,,Netrocoryne repanda,superposition,1.50,2.00,4.00,0.25,,35,207,
140,,Ocybadistes walkeri,superposition,1.00,1.90,3.80,0.26,,35,207,
141,,Ocybadistes walkeri,superposition,1.04,1.95,2.18,0.46,,48,220,
142,,Taractrocera papyria,superposition,0.80,2.00,4.00,0.25,,35,207,
143,,Toxidia peron,superposition,1.40,1.90,3.80,0.26,,35,207,
144,,Trapezites symmomus,superposition,2.73,1.70,3.40,0.29,,35,207,
145,,Curetis acuta,apposition,1.64,1.04,2.08,0.48,,94,266,
146,,Jamides alecto,apposition,1.50,1.34,2.68,0.37,,94,266,
147,,Phalaenoides tristifica,superposition,1.69,1.90,1.58,0.63,,48,220,
148,,Araschnia levana,,1.30,1.40,2.80,0.36,,78,250,
149,,Argyreus hyperbius,apposition,2.84,0.81,1.62,0.62,,94,266,
150,,Asterocampa leilia,,2.18,0.90,1.80,0.56,,79,251,
151,,Caligo eurilochus,,3.10,0.77,1.54,0.65,,78,250,
152,,Caligo memnon,,3.80,1.00,1.10,0.91,,28,200,
153,,Cyrestis thyodamas,apposition,1.47,1.20,2.40,0.42,,94,266,
154,,Euploea mulciber,apposition,2.73,0.99,1.98,0.51,,94,266,
155,,Heteronympha merope,apposition,2.10,1.25,1.50,0.67,,48,220,
156,,Heteronympha merope,apposition,2.10,1.40,1.90,0.53,,49,221,
157,,Hypolimnas_bolina,apposition,2.40,0.88,1.76,0.57,,94,266,
158,,Lethe europa,apposition,1.94,0.88,1.76,0.57,,94,266,
159,,Melanitis leda,apposition,1.14,1.44,1.50,0.67,,48,220,
160,,Morpho peleides,,3.81,1.00,0.96,1.04,,28,200,
161,,Parantica aglea,apposition,2.86,1.14,2.28,0.44,,94,266,
162,,Parthenos sylvia,,2.80,0.90,1.80,0.56,,78,250,
163,,Penthema formosanum,apposition,2.27,0.76,1.52,0.66,,94,266,
164,,Polygonia c-album,,0.98,1.30,2.60,0.38,,78,250,
165,,Precis almana,apposition,1.89,0.81,1.62,0.62,,94,266,
166,,Battus philenor,,3.51,0.70,1.40,0.71,,9,181,
167,,Papilio_machaon,apposition,2.10,0.90,1.80,0.56,,48,220,
168,,Appias lyncida,apposition,1.80,0.99,1.98,0.51,,94,266,
169,,Colias eurytheme,apposition,1.49,0.72,1.44,0.69,,59,231,
170,,Pieris brassicae,apposition,2.70,1.80,3.60,0.28,,48,220,
171,,Ephestia kuehniella,superposition,1.20,2.50,5.00,0.20,,34,206,
172,,Ephestia kuehniella,superposition,1.20,3.00,6.00,0.17,,48,220,
173,,Deilephila elpenor,superposition,3.58,1.12,4.04,0.25,,95,267,
174,,Macroglossum stellatarum,superposition,2.14,,1.30,0.77,,21,193,
175,,Macroglossum stellatarum,superposition,2.14,1.30,1.75,0.57,,95,267,
176,,Manduca sexta,superposition,4.84,0.91,3.26,0.31,,95,267,
177,,Ciulfina biseriata,apposition,2.50,0.80,1.60,0.63,,48,220,
178,,Orthodera ministralis,apposition,4.00,1.20,2.40,0.42,,48,220,
179,,Tenodera australasiae,apposition,8.00,0.60,0.60,1.67,,48,220,
180,,Panorpa dubia,apposition,2.01,6.00,12.00,0.08,,14,186,
181,,Sialis flavilatera,apposition,1.24,2.40,4.80,0.21,,48,220,
182,,Ascalaphus sp.,superposition,5.00,1.40,2.80,0.36,,48,220,
183,,Libelloides macaronius,superposition,2.90,1.10,1.40,0.71,,8,180,
184,,Mantispa styriaca,superposition,0.50,1.80,3.60,0.28,,22,194,
185,,Aeshna grandis,apposition,7.30,0.80,1.60,0.63,,48,220,
186,,Aeshna palmata (adult),apposition,6.85,0.24,0.48,2.08,,89,261,
187,,Aeshna palmata (larva),apposition,4.00,0.45,0.90,1.11,,87,259,
188,,Anax junius (adult),apposition,7.40,0.24,0.48,2.08,,48,220,
189,,Anax junius (larva),apposition,4.50,0.45,0.90,1.11,,87,259,
190,,Megalagrion blackburni,apposition,4.85,0.63,1.25,0.80,,80,252,
191,,Megalagrion calliphya,apposition,3.25,0.77,1.53,0.65,,80,252,
192,,Megalagrion hawaiiense,apposition,3.59,0.78,1.57,0.64,,80,252,
193,,Megalagrion heterogamias,apposition,4.02,0.73,1.47,0.68,,80,252,
194,,Megalagrion koelense,apposition,2.35,0.78,1.56,0.64,,80,252,
195,,Megalagrion leptodemas,apposition,3.13,0.80,1.60,0.63,,80,252,
196,,Megalagrion nigrohamatum nigrohamatum,apposition,4.41,0.57,1.15,0.87,,80,252,
197,,Megalagrion nigrohamatum nigrohamatum,apposition,3.22,0.66,1.32,0.76,,80,252,
198,,Megalagrion oahuense,apposition,4.24,0.93,1.86,0.54,,80,252,
199,,Megalagrion oceanicum,apposition,3.77,0.70,1.41,0.71,,80,252,
200,,Megalagrion oresitrophum,apposition,2.61,0.83,1.66,0.60,,80,252,
201,,Megalagrion vagabundum,apposition,3.44,0.76,1.52,0.66,,80,252,
202,,Megalagrion xanthomelas,apposition,3.50,0.82,1.65,0.61,,84,256,
203,,Xanthagrion erythroneurum,apposition,2.30,1.20,2.40,0.42,,48,220,
204,,Hemicordulia tau,apposition,5.00,0.90,1.40,0.71,,48,220,
205,,Somatochlora albicincta (larva),apposition,2.18,1.73,3.46,0.29,,87,259,
206,,Austrogomphus guerini,apposition,5.08,0.58,1.16,0.86,,48,220,
207,,Sympetrum striolatum,apposition,4.05,0.40,0.80,1.25,,48,220,
208,,Sympetrum striolatus,apposition,4.30,0.30,0.60,1.67,,45,217,
209,,Zyxomma obtusum,apposition,3.70,0.65,1.30,0.77,,48,220,
210,,Locusta migratoria,apposition,4.00,0.90,1.80,0.56,,48,220,
211,,Carausius morosus,apposition,9.00,7.50,15.00,0.07,,48,220,
212,,Xenos vesparum,,0.28,9.00,50.00,0.02,,74,246,
213,,Argulus coregoni,apposition,1.10,13.20,26.40,0.04,,67,239,
214,,Argulus foliaceus,apposition,0.65,16.75,33.50,0.03,,67,239,
215,,Brachyscelus sp.,apposition,1.00,1.40,6.30,0.16,,47,219,
216,,Cystisoma sp.,apposition,14.00,0.65,3.90,0.26,,47,219,
217,,Dyopedos porrectus ,apposition,0.65,6.00,12.00,0.08,,66,238,
218,,Parapronoe crustulum,apposition,2.00,1.10,2.20,0.45,,47,219,
219,,Parhyale hawaiensis,apposition,1.00,15.00,15.00,0.07,,76,248,
220,,Themisto compressa,apposition,1.50,1.50,4.50,0.22,,47,219,
221,,Lestrigonus sp.,apposition,0.30,3.50,10.50,0.10,,47,219,
222,,Streetsia challengeri,apposition,3.50,0.32,6.40,0.16,,47,219,
223,,Paraphronima gracilis,apposition,1.10,1.20,2.50,0.40,,25,197,
224,,Phronima sedentaria,apposition,1.50,0.25,2.30,0.43,,47,219,
225,,Phronima sp.,apposition,3.00,0.44,3.50,0.29,,46,218,
226,,Phrosina semilunata,apposition,2.00,0.60,4.80,0.21,,47,219,
227,,Platyscelus ovoides,apposition,2.00,1.20,3.60,0.28,,47,219,
228,,Thamneus sp.,apposition,0.68,4.80,4.80,0.21,,47,219,
229,,Gennadas sp.,superposition,0.32,2.90,5.80,0.17,,63,235,
230,,Procambarus clarkii,superposition,9.00,,2.70,0.37,,30,202,
231,,Carcinus maenas,apposition,3.00,,,0.51,,106,278,
232,,Crangon septemspinosa,,7.00,3.78,7.56,0.13,,33,205,
233,,Neocrangon abyssorum,,1.85,2.00,4.00,0.25,,33,205,
234,,Neocrangon resima ,,3.70,3.25,6.50,0.15,,33,205,
235,,Scopimera inflata,apposition,1.30,,,1.08,,106,278,
236,,Glyphocrangon aculeata,,10.20,0.92,1.84,0.54,,33,205,
237,,Glyphocrangon alispina,,10.80,0.97,1.94,0.52,,33,205,
238,,Glyphocrangon longirostris,,10.60,0.95,1.90,0.53,,33,205,
239,,Glyphocrangon longleyi,,6.10,1.03,2.06,0.49,,33,205,
240,,Leptograpsus variegatus,apposition,5.00,,1.50,0.67,,96,268,
241,,Leptograpsus variegatus,apposition,5.00,,,0.74,,106,278,
242,,Pachygrapsus marmoratus,apposition,4.00,,,0.50,,106,278,
243,,Heloecius cordiformis,apposition,1.80,,,0.87,,106,278,
244,,Hippolyte californiensis,apposition,2.80,,1.50,0.67,,5,177,
245,,Paralomis multispina,apposition,8.00,3.00,6.00,0.17,,23,195,
246,,Macrophthalmus (Mareotis) setosus ,apposition,3.05,,,1.06,,106,278,
247,,Mictyris longicarpus,apposition,2.00,,,1.23,,106,278,
248,,Munida rugosa,superposition,10.00,,3.00,0.33,,86,258,
249,,Homarus americanus,superposition,25.00,1.30,2.60,0.38,,33,205,
250,,Nephrops norvegicus,superposition,25.00,0.97,1.94,0.52,,33,205,
251,,Austruca lactea,apposition,1.60,,,1.70,,105,277,
252,,Gelasimus dampieri,apposition,1.95,,,1.92,,2,174,
253,,Leptuca pugilator,apposition,1.40,1.00,,1.04,,52,224,
254,,Minuca pugnax,apposition,3.00,2.05,4.10,0.24,,15,187,
255,,Ocypode ceratophthalmus,apposition,3.50,0.23,0.46,1.57,,19,191,
256,,Ocypode ceratophthalmus,apposition,2.50,,,1.93,,106,278,
257,,Ocypode cordimana,apposition,2.70,,,0.95,,106,278,
258,,Tubuca flammula,apposition,3.13,,,1.99,,2,174,
259,,Uca sp.,apposition,1.75,,,1.24,,106,278,
260,,Actinimenes inornatus,,0.24,3.53,7.06,0.14,,17,189,
261,,Actinimenes ornatus,,0.18,3.16,6.32,0.16,,17,189,
262,,Anchistus custos,,0.96,4.96,9.92,0.10,,17,189,
263,,Ancylomenes holthuisi,,0.48,4.58,9.16,0.11,,17,189,
264,,Ancylomenes pedersoni,,0.22,,8.20,0.10,,13,185,
265,,Ancylomenes tosaensis,,0.36,3.94,7.88,0.13,,17,189,
266,,Ancylomenes venustus,,0.51,4.95,9.90,0.10,,17,189,
267,,Balssia gasti,,0.17,4.96,9.92,0.10,,17,189,
268,,Brucecaris tenuis,,0.23,5.02,10.04,0.10,,17,189,
269,,Cainonia medipacifica,,0.53,6.57,13.14,0.08,,17,189,
270,,Conchodytes biunguiculatus,,0.60,5.62,11.24,0.09,,17,189,
271,,Conchodytes nipponensis,,1.02,4.18,8.36,0.12,,17,189,
272,,Conchodytes placunae,,0.85,5.82,11.64,0.09,,17,189,
273,,Conchodytes_meleagrinae,,0.60,5.10,10.20,0.10,,17,189,
274,,Coralliocaris superba,,0.23,2.60,5.20,0.19,,17,189,
275,,Coralliocaris viridis,,0.33,2.70,5.40,0.19,,17,189,
276,,Cristimenes commensalis,,0.13,4.17,8.34,0.12,,17,189,
277,,Cuapetes americanus,superposition,0.19,3.47,6.94,0.14,,17,189,
278,,Cuapetes andamanensis,,0.33,3.09,6.18,0.16,,17,189,
279,,Cuapetes elegans,superposition,0.33,2.76,5.52,0.18,,17,189,
280,,Cuapetes ensifrons,,0.26,2.97,5.94,0.17,,17,189,
281,,Cuapetes grandis,,0.20,4.03,8.06,0.12,,17,189,
282,,Cuapetes kororensis,,0.37,3.82,7.64,0.13,,17,189,
283,,Cuapetes tenuipes,,0.41,2.86,5.72,0.17,,17,189,
284,,Dactylonia okai,,0.15,5.93,11.86,0.08,,17,189,
285,,Fennera chacei,,0.09,7.15,14.30,0.07,,17,189,
286,,Hamodactylus boschmai,,0.11,4.04,8.08,0.12,,17,189,
287,,Hamopontonia corallicola,,0.35,5.98,11.96,0.08,,17,189,
288,,Harpiliopsis beaupresii,,0.17,4.03,8.06,0.12,,17,189,
289,,Harpiliopsis spinigera,,0.43,3.19,6.38,0.16,,17,189,
290,,Harpilius bayeri,,0.25,4.39,8.78,0.11,,17,189,
291,,Harpilius consobrinus,,0.23,3.74,7.48,0.13,,17,189,
292,,Holthuisaeus bermudensis,,0.32,8.33,16.66,0.06,,17,189,
293,,Ischnopontonia lophos,,0.14,6.56,13.12,0.08,,17,189,
294,,Laomenes amboinensis,,0.22,2.86,5.72,0.17,,17,189,
295,,Laomenes ceratophthalmus,,0.23,3.82,7.64,0.13,,17,189,
296,,Laomenes cornutus,,0.17,3.82,7.64,0.13,,17,189,
297,,Laomenes nudirostris,,0.43,2.99,5.98,0.17,,17,189,
298,,Lysmata amboinensis,,5.50,,5.60,0.18,,13,185,
299,,Macrobrachium rosenbergii,superposition,33.00,1.75,3.50,0.29,,58,230,
300,,Manipontonia psamathe,,0.18,4.58,9.16,0.11,,17,189,
301,,Neoanchistus nasalis,,0.59,5.41,10.82,0.09,,17,189,
302,,Neopontonides chacei,,0.11,4.81,9.62,0.10,,17,189,
303,,Odontonia katoi,,0.14,8.33,16.66,0.06,,17,189,
304,,Onycocaris quadratophthalma,,0.14,10.61,21.22,0.05,,17,189,
305,,Onycocaris sp. ,,0.17,11.34,22.68,0.04,,17,189,
306,,Orthopontonia ornata,,0.27,5.73,11.46,0.09,,17,189,
307,,Palaemonella holmesi,,0.29,3.43,6.86,0.15,,17,189,
308,,Palaemonella pottsi,,0.16,5.46,10.92,0.09,,17,189,
309,,Palaemonella spinulata,,0.14,4.17,8.34,0.12,,17,189,
310,,Paranchistus pycnodontae,,0.45,4.44,8.88,0.11,,17,189,
311,,Periclimenaeus ascidiarum,,0.16,7.88,15.76,0.06,,17,189,
312,,Periclimenaeus bredini,,0.56,9.47,18.94,0.05,,17,189,
313,,Periclimenaeus caraibicus,,0.21,5.21,10.42,0.10,,17,189,
314,,Periclimenaeus hecate,,0.36,5.21,10.42,0.10,,17,189,
315,,Periclimenaeus maxillulidens,,0.17,10.37,20.74,0.05,,17,189,
316,,Periclimenaeus orbitocarinatus,,0.15,8.20,16.40,0.06,,17,189,
317,,Periclimenaeus storchi,,0.23,6.98,13.96,0.07,,17,189,
318,,Periclimenella spinifera,,0.27,3.37,6.74,0.15,,17,189,
319,,Periclimenes gonioporae,,0.16,5.27,10.54,0.09,,17,189,
320,,Periclimenes harringtoni,,0.23,9.17,18.34,0.05,,17,189,
321,,Periclimenes incertus,,0.13,4.30,8.60,0.12,,17,189,
322,,Periclimenes iridescens,,0.14,5.73,11.46,0.09,,17,189,
323,,Periclimenes madreporae,,0.14,4.58,9.16,0.11,,17,189,
324,,Periclimenes patae,,0.16,3.62,7.24,0.14,,17,189,
325,,Periclimenes rathbunae,,0.35,4.09,8.18,0.12,,17,189,
326,,Periclimenes scriptus,,0.13,6.25,12.50,0.08,,17,189,
327,,Periclimenes yucatanicus,,0.23,4.98,9.96,0.10,,17,189,
328,,Phycomenes indicus,,0.21,3.64,7.28,0.14,,17,189,
329,,Phycomenes siankaanensis,,0.23,4.09,8.18,0.12,,17,189,
330,,Phycomenes zostericola,,0.16,6.03,12.06,0.08,,17,189,
331,,Platypontonia hyotis,,0.52,5.26,10.52,0.10,,17,189,
332,,Pontonia margarita,,0.45,6.07,12.14,0.08,,17,189,
333,,Pontonia mexicana,superposition,0.83,8.19,16.38,0.06,,17,189,
334,,Pontonia panamica,,0.55,9.80,19.60,0.05,,17,189,
335,,Pontonia pinnophylax,,0.90,8.52,17.04,0.06,,17,189,
336,,Pontonides loloata,,0.09,2.55,5.10,0.20,,17,189,
337,,Pontoniopsis comanthi,,0.13,3.53,7.06,0.14,,17,189,
338,,Thaumastocaris streptopus,,0.55,3.34,6.68,0.15,,17,189,
339,,Typton gnathophylloides,,0.12,7.16,14.32,0.07,,17,189,
340,,Typton hephaestus,,0.26,8.81,17.62,0.06,,17,189,
341,,Typton holthuisi,,0.13,7.29,14.58,0.07,,17,189,
342,,Typton tortugae,,0.19,7.33,14.66,0.07,,17,189,
343,,Urocaridella antonbruuni,,2.80,,7.20,0.14,,13,185,
344,,Urocaris longicaudata,,0.29,4.57,9.14,0.11,,17,189,
345,,Vir philippinensis,,0.15,3.82,7.64,0.13,,17,189,
346,,Panulirus interruptus,superposition,30.00,2.43,4.86,0.21,,33,205,
347,,Heterocarpus hostilis,,2.40,1.61,3.22,0.31,,33,205,
348,,Heterocarpus vicarius,,11.00,1.68,3.36,0.30,,33,205,
349,,Pandalus amplus,superposition,16.40,1.71,3.42,0.29,,33,205,
350,,Pandalus danae,superposition,11.00,1.61,3.22,0.31,,33,205,
351,,Pandalus dispar,superposition,17.00,1.62,3.24,0.31,,33,205,
352,,Pandalus goniurus,superposition,6.20,1.86,3.72,0.27,,33,205,
353,,Pandalus platyceros,superposition,22.00,1.28,2.56,0.39,,33,205,
354,,Cherax destructor,superposition,20.00,,4.50,0.22,,11,183,
355,,Callinectes sapidus,apposition,50.00,,1.80,0.56,,3,175,
356,,Scyllarides latus,apposition,35.00,3.80,7.60,0.13,,53,225,
357,,Allosergestes pectinatus,,2.45,,8.50,0.12,,109,281,
358,,Deosergestes henseni,,4.20,,5.90,0.17,,109,281,
359,,Parasergestes armatus,,3.20,,10.80,0.09,,109,281,
360,,Parasesarma erythodactylum,apposition,2.00,,,0.60,,106,278,
361,,Neohelice granulata,,2.80,,,1.93,,2,174,
362,,Neohelice granulata,,2.90,0.40,,1.20,,10,182,
363,,,,,,,,,,172,
364,,Euphausia gibboides,superposition,2.10,2.60,5.20,0.19,,32,204,
365,,Euphausia pacifica,superposition,1.65,3.00,6.00,0.17,,32,204,
366,,Euphausia superba,superposition,5.25,2.30,4.60,0.22,,32,204,
367,,Stylocheiron maximum,superposition,2.50,1.20,2.40,0.42,,49,221,
368,,Thysanopoda acutifrons,superposition,3.95,3.70,7.40,0.14,,32,204,
369,,Thysanopoda cornuta,superposition,7.65,3.40,6.80,0.15,,32,204,
370,,Thysanopoda cristata,superposition,5.00,2.60,5.20,0.19,,32,204,
371,,Thysanopoda egregia,superposition,7.65,5.10,10.20,0.10,,32,204,
372,,Thysanopoda monacantha,superposition,3.00,3.60,7.20,0.14,,32,204,
373,,Thysanopoda pectinata,superposition,3.65,3.80,7.60,0.13,,32,204,
374,,Thysanopoda tricuspidata,superposition,2.00,2.90,5.80,0.17,,32,204,
375,,Thysanopoda tricuspidata,apposition,2.20,4.50,9.00,0.11,,64,236,
376,,Natatolana borealis,apposition,1.00,10.00,20.00,0.05,,71,243,
377,,Neognathophausia ingens ,superposition,4.28,1.80,3.60,0.28,,101,273,
378,,Dioptromysis paucispinosa,superposition,0.50,0.64,1.28,0.78,,49,221,
379,,Euchaetomera typica,superposition,0.93,1.50,3.00,0.33,,29,201,
380,,Gonodactylus chiragra,apposition,8.00,,0.60,0.80,,57,229,
381,,Gonodactylus spp.,apposition,5.00,,0.57,1.75,,83,255,
382,,Hemisquilla californiensis,apposition,22.00,,0.80,1.10,,57,229,
383,,Lysiosquilla scabricauda,apposition,30.00,,0.91,1.10,,81,253,
384,,Lysiosquilla tredecimdentata,apposition,11.00,,0.60,1.50,,57,229,
385,,Coronis scolopendra,apposition,7.00,,0.70,1.00,,57,229,
386,,Coronis scolopendra,apposition,4.50,,0.89,1.12,,81,253,
387,,Odontodactylus scyllarus,apposition,14.00,,0.50,1.10,,57,229,
388,,Echinosquilla guerinii,apposition,8.10,,1.03,0.97,,83,255,
389,,Pseudosquilla ciliata,apposition,3.00,,0.64,1.56,,83,255,
390,,Crenatosquilla oculinova,apposition,2.00,,2.30,0.43,,82,254,
391,,Oratosquillina inornata,apposition,14.00,,0.70,0.60,,57,229,
392,,Squilla empusa,apposition,30.00,,2.08,0.48,,83,255,
393,,Squilla mantis,apposition,15.70,,2.20,0.45,,83,255,
394,,Limulus polyphemus,apposition,13.60,,,0.23,,4,176,
395,,Pterygotus anglicus,,250.00,0.77,1.54,0.65,,107,279,
396,,Erettopterus osiliensis,,100.00,1.14,2.28,0.44,,107,279,
397,,Slimonia acuminata,,100.00,1.44,2.88,0.35,,107,279,
398,,Jaekelopterus rhenaniae,,250.00,0.76,1.52,0.66,,107,279,
399,,Eurypterus sp.,,100.00,0.87,1.70,0.57,,107,279,
400,,Acutiramus cummingsi,,200.00,1.50,3.00,0.33,,107,279,
401,,Unknown,,70.00,1.40,2.80,0.36,,108,280,
402,,Macrocypridina castanea,apposition,0.50,6.00,12.00,0.08,,51,223,
403,,Pleoschisma agilis,apposition,0.1,8.00,,0.06,,93,265,
404,Petroscirtes,variabilis,,10.00,,,4.00,1.50,,284,Position of area centralis: temporal
405,Petroscirtes,variabilis,,10.00,,,4.00,1.50,,284,Position of area centralis: nasal
406,Halophryne,diemensis,,20.00,,,4.00,4.00,,284,Position of area centralis: temporal
407,Halophryne,diemensis,,20.00,,,3.00,4.00,,284,Position of area centralis: weak horizontal streak
408,Pomacanthus,semicirculatus,,33.00,,,7.00,4.00,,284,Position of area centralis: temporal
409,Pomacanthus,semicirculatus,,33.00,,,6.00,4.00,,284,Position of area centralis: nasal
410,Amblyglyphidodon,curacao,,10.00,,,7.00,4.00,,284,Position of area centralis: temporal
411,Amblyglyphidodon,curacao,,10.00,,,8.00,4.00,,284,Position of area centralis: ventro-temporal
412,Amblyglyphidodon,curacao,,10.00,,,6.00,4.00,,284,Position of area centralis: dorso-nasal
413,Parapercis,cylindrica,,17.00,,,7.00,3.20,,284,Position of area centralis: dorso-temporal
414,Parapercis,cylindrica,,17.00,,,6.00,3.20,,284,Position of area centralis: dorso-nasal
415,Sphaeroides,pleurosticus,,16.00,,,5.00,3.40,,284,Position of area centralis: dorso-temporal
416,Sphaeroides,pleurosticus,,16.00,,,3.00,3.40,,284,Position of area centralis: horizontal streak
417,Cephalopholis,miniatus,,35.00,,,14.00,5.90,,284,Position of area centralis: temporal
418,Cephalopholis,miniatus,,35.00,,,10.00,5.90,,284,Position of area centralis: nasal
419,Balistoides,conspicillum,,32.00,,,12.00,4.90,,284,Position of area centralis: temporal
420,Balistoides,conspicillum,,32.00,,,11.00,4.90,,284,Position of area centralis: temporal
421,Balistoides,conspicillum,,32.00,,,10.00,4.90,,284,Position of area centralis: horizontal streak
422,Choerodon,albigena,,36.00,,,15.00,4.80,,284,Position of area centralis: dorso-temporal
423,Choerodon,albigena,,36.00,,,15.00,4.80,,284,Position of area centralis: temporal
424,Choerodon,albigena,,36.00,,,12.00,4.80,,284,Position of area centralis: horisontal streak
425,Aulostoma,chinensis,,68.00,,,15.00,5.20,,284,Position of area centralis: dorso-temporal
426,Aulostoma,chinensis,,68.00,,,8.00,5.20,,284,Position of area centralis: horizontal streak
427,Lethrinus,chrysostomus,,43.00,,,19.00,9.00,,284,Position of area centralis: dorso-temporal
428,Lethrinus,chrysostomus,,43.00,,,22.00,9.00,,284,Position of area centralis: temporal
429,Lethrinus,chrysostomus,,43.00,,,20.00,9.00,,284,Position of area centralis: horisontal streak
430,Gymnocranius,bitorquatus,,25.00,,,27.00,9.70,,284,Position of area centralis: dorso-temporal
431,Gymnocranius,bitorquatus,,25.00,,,15.00,9.70,,284,Position of area centralis: horizontal streak
432,Araschnia,levana,,0.30,1.8,3.60,0.28,,78,251,
433,Araschnia,levana,,0.31,1.7,3.40,0.29,,78,251,
434,Araschnia,levana,,0.30,2.0,4.00,0.25,,78,251,
435,Araschnia,levana,,0.30,2.0,4.00,0.25,,78,251,
436,Polygonia,c-album,,0.43,1.6,3.20,0.31,,78,251,
437,Polygonia,c-album,,0.40,1.8,3.60,0.28,,78,251,
438,Polygonia,c-album,,0.43,2.0,4.00,0.25,,78,251,
439,Polygonia,c-album,,0.42,2.1,4.20,0.24,,78,251,
440,Parthenos,sylvia,,0.59,1.5,3.00,0.33,,78,251,
441,Parthenos,sylvia,,0.63,1.5,3.00,0.33,,78,251,
442,Parthenos,sylvia,,0.63,1.3,2.60,0.38,,78,251,
443,Parthenos,sylvia,,0.65,1.5,3.00,0.33,,78,251,
444,Caligo,eurilochus,,0.83,1.6,3.20,0.31,,78,251,
445,Caligo,eurilochus,,0.86,1.6,3.20,0.31,,78,251,
446,Caligo,eurilochus,,1.02,1.6,3.20,0.31,,78,251,
447,Caligo,eurilochus,,0.95,1.6,3.20,0.31,,78,251,
448,Perdita,minima,apposition,0.16,4.72,9.44,0.11,,42,285,
449,Liotrigona,madecassa,apposition,0.15,3.87,7.74,0.13,,42,285,
450,Lasioglossum,inconspicuum,apposition,0.22,3.37,6.74,0.15,,42,285,
451,Lasioglossum,noctivagum,apposition,0.43,2.75,5.50,0.18,,42,285,
452,Augochlora,pura,apposition,0.45,2.72,5.44,0.18,,42,285,
453,Megalopta,ecuadoria,apposition,0.54,2.44,4.88,0.20,,42,285,
454,Apis,mellifera,apposition,0.59,2.10,4.20,0.24,,,285,
455,Megachile,campanulae,apposition,0.59,1.75,3.50,0.29,,42,285,
456,Megalopta,genalis,apposition,0.75,2.06,4.12,0.24,,42,285,
457,Anthophora,occidentalis,apposition,0.85,1.72,3.44,0.29,,42,285,
458,Protoxaea,gloriosa,apposition,0.95,1.68,3.36,0.30,,42,285,
459,Bombus,griseocollis,apposition,1.20,1.53,3.06,0.33,,42,285,
460,Xylocopa,varipuncta,apposition,1.30,1.36,2.72,0.37,,42,285,
461,Xylocopa,californica,apposition,1.36,1.38,2.76,0.36,,42,285,
462,Xylocopa,latipes,apposition,1.70,1.23,2.46,0.41,,42,285,
463,Strix,aluco,,,,,3.2,,,325,
464,spinus,tristis,,,,,5.4,,,326,
465,nothoprocta,perdicaria,,,,,13.8,,,327,
466,struthio,camelus,,,,,19.75,,,327,
467,tyto,alba,,,,,7.65,,,328,
468,parabuteo,unicinctus,,,,,37.3,,,329,
469,dacelo,novaeguineae,,,,,15,,,330,
470,todiramphus,sanctus,,,,,12,,,330,
471,zonotrichia,leucophyrs,,,,,5.6,,,331,
472,melozone,crissalis,,,,,6.8,,,331,
473,spizella,passerina,,,,,6.65,,,331,
474,junco,hyemalis,,,,,6.55,,,331,
475,spizella,pusilla,,,,,8.25,,,331,
476,pipilo,erythrophthalamus,,,,,6.45,,,331,
477,bonasa,umbellus,,,,,7.75,,,331,
478,falcipennis,canadensis,,,,,12.1,,,332,
479,perdix,perdix,,,,,11,,,332,
480,coturnix,japonica,,,,,10.2,,,332,
481,phasianus,colchicus,,,,,9.7,,,332,
482,alectoris,chukar,,,,,12.9,,,332,
483,tympanuchus,phasinane,,,,,11.7,,,332,
484,branta,canadensis,,,,,13,,,332,
485,anas,platyrhynchois,,,,,16.9,,,333,
486,aythya,affinis,,,,,11.9,,,333,
487,aythya,marila,,,,,11.2,,,333,
488,mergus,serrator,,,,,11.2,,,333,
489,zenaida,macroura,,,,,10.8,,,333,
490,sturnus,vulgaris,,,,,6.89,,,333,
491,molothrys,ater,,,,,6.29,,,333,
492,passer,domesticys,,,,,5.1,,,333,
493,haemorhous,mexicanus,,,,,4.88,,,333,
494,amazilia,tzacatl,,,,,4.69,,,333,
495,calypte,anna,,,,,5.8,,,334,
496,phaethornis,superciliosus,,,,,5.3,,,334,
497,aptenodytes,patagonicus,,,,,6,,,334,
498,eudyptula,minor,,,,,15.3,,,334,
499,falco,sparverius,,,,,12.95,,,334,
500,aquila,audax,,,,,160,,,335,
501,falco,tinnuculus,,,,,138,,,335,
502,pavo,cristatus,,,,,51,,,335,
503,falco,berigora,,,,,20.6,,,335,
504,,,,,,,73,,,335,
505,Japetella,diaphana,,,,,4,,,336,
506,Octopoteuthis,sp.,,,,,5,,,336,
507,Helicocranchia,sp.,,,,,6,,,336,
508,Pterygioteuthis,sp.,,,,,6,,,336,
509,Chiroteuthis,sp.,,,,,7,,,336,
510,Galiteuthis sp.,sp.,,,,,7,,,336,
511,Dosidicus ,gigas,,,,,8,,,336,
512,Vampyroteuthis,infernalis,,,,,19,,,336,
513,Octopus,pallidus,,,,,4.95,,,337,
514,Octopus ,australis,,,,,4.95,,,337,
515,Nautilus ,pompilius,,,,,3.38,,,338,
516,Octopus,vulgaris,,,,,17,,,338,
517,Euprymna ,morsei,,,,,9.5,,,339,
518,Sepioteuthis ,lessoniana,,,,,19.1,,,339,
519,Todarodes ,pacificus,,,,,19.2,,,339,
520,Eucleoteuthis ,luminosa,,,,,27.1,,,339,
521,Thysanoteuthis ,rhombus,,,,,40.7,,,339,
522,Sepia ,esculenta,,,,,0.89,,,340,
523,Sepia ,officinalis,,,,,0.57,,,341,
524,Sepia ,bandensis,,,,,3.76,,,342,
525,heterodontus ,portusjacksoni,,,,,3.14,,,343,
526,Chiloscyllium ,punctatum,,,,,4.29,,,344,
527,Taeniura ,lymma,,,,,7.5,,,344,
528,Galeus,melastomus,,,,,4.09,,,344,
529,Dasyatis ,kuhlii,,,,,4.1,,,344,
530,Scyliorhinus ,canicula,,,,,3.98,,,344,
531,Rhinobatos ,typus,,,,,2.45,,,344,
532,Chiloscyllium ,punctatum,,,,,2.02,,,344,
533,Chimaera ,lignaria,,,,,2.94,,,345,
534,Callorhinchus ,milii,,,,,2.52,,,345,
535,Scyliorhinus ,torazame,,,,,2.64,,,345,
536,Negaprion ,brevirostris,,,,,3.6,,,344,
537,Carcharhinus ,amblyrhynchos,,,,,10.33,,,344,
538,Centroscymnus ,coelolepis,,,,,7.6,,,344,
539,Galeocerdo ,cuvier,,,,,7.19,,,344,
540,Sphyrna,lewini,,,,,6.89,,,344,
541,Sphyrna,mokarran,,,,,6.72,,,344,
542,Sphyrna ,zygaena,,,,,5.59,,,344,
543,Carcharias ,taurus,,,,,4.87,,,344,
544,Carcharhinus,leucas,,,,,4.19,,,344,
545,Carcharhinus ,melanopterus,,,,,3.77,,,344,
546,Etmopterus ,spinax,,,,,3.07,,,344,
547,Alopias ,superciliosus,,,,,10.56,,,344,
548,Prionace ,glauca,,,,,8.06,,,344,
549,Rhinochimaera,pacifica,,,,,2.62,,,345,